pvz_id,marketplace,district,nearest_hub,distance_km,daily_orders
АРБ-001,Ozon,Арбат,Соколиная Гора,8.25,51
АРБ-002,Lamoda,Арбат,Соколиная Гора,9.33,119
АРБ-003,Wildberries,Арбат,Останкинский,8.3,122
БАС-001,Wildberries,Басманный,Соколиная Гора,5.25,132
БАС-002,Ozon,Басманный,Соколиная Гора,4.67,113
БАС-003,Ozon,Басманный,Соколиная Гора,4.81,105
БАС-004,Ozon,Басманный,Соколиная Гора,4.33,134
БАС-005,Wildberries,Басманный,Соколиная Гора,5.37,102
БАС-006,Ozon,Басманный,Соколиная Гора,3.76,116
БАС-007,Wildberries,Басманный,Соколиная Гора,4.48,146
БАС-008,Wildberries,Басманный,Соколиная Гора,4.76,96
БАС-009,Wildberries,Басманный,Соколиная Гора,4.47,150
БАС-010,Ozon,Басманный,Соколиная Гора,4.56,130
БАС-011,Wildberries,Басманный,Соколиная Гора,5.51,103
БАС-012,Wildberries,Басманный,Соколиная Гора,3.63,89
БАС-013,Wildberries,Басманный,Соколиная Гора,5.67,125
БАС-014,Wildberries,Басманный,Соколиная Гора,4.02,107
БАС-015,Ozon,Басманный,Соколиная Гора,4.77,75
ЗАМ-001,Ozon,Замоскворечье,Соколиная Гора,7.46,144
ЗАМ-002,Wildberries,Замоскворечье,Соколиная Гора,7.38,109
ЗАМ-003,Wildberries,Замоскворечье,Зюзино,7.68,106
ЗАМ-004,Wildberries,Замоскворечье,Соколиная Гора,7.87,120
ЗАМ-005,Ozon,Замоскворечье,Соколиная Гора,7.15,116
ЗАМ-006,Ozon,Замоскворечье,Зюзино,8.24,69
КРА-001,Ozon,Красносельский,Соколиная Гора,5.39,88
КРА-002,Ozon,Красносельский,Останкинский,5.63,145
КРА-003,Ozon,Красносельский,Соколиная Гора,6.27,108
КРА-004,Wildberries,Красносельский,Соколиная Гора,5.66,128
КРА-005,Ozon,Красносельский,Соколиная Гора,5.79,101
МЕЩ-001,Wildberries,Мещанский,Останкинский,4.54,84
МЕЩ-002,Ozon,Мещанский,Соколиная Гора,5.93,149
МЕЩ-003,Ozon,Мещанский,Останкинский,4.71,97
МЕЩ-004,Lamoda,Мещанский,Останкинский,7.18,142
МЕЩ-005,Ozon,Мещанский,Соколиная Гора,7.78,130
МЕЩ-006,Ozon,Мещанский,Останкинский,4.9,134
МЕЩ-007,Wildberries,Мещанский,Соколиная Гора,7.07,91
МЕЩ-008,Wildberries,Мещанский,Соколиная Гора,7.0,157
ПРЕ-001,Lamoda,Пресненский,Останкинский,8.89,61
ПРЕ-002,Wildberries,Пресненский,Останкинский,8.31,124
ПРЕ-003,Ozon,Пресненский,Останкинский,9.36,86
ПРЕ-004,Wildberries,Пресненский,Останкинский,6.0,149
ПРЕ-005,Ozon,Пресненский,Останкинский,7.19,114
ПРЕ-006,Ozon,Пресненский,Останкинский,9.25,104
ПРЕ-007,Ozon,Пресненский,Соколиная Гора,9.87,175
ПРЕ-008,Lamoda,Пресненский,Останкинский,8.57,165
ПРЕ-009,Wildberries,Пресненский,Останкинский,8.84,135
ПРЕ-010,Wildberries,Пресненский,Останкинский,8.51,72
ПРЕ-011,Ozon,Пресненский,Останкинский,6.31,106
ПРЕ-012,Wildberries,Пресненский,Останкинский,10.07,142
ПРЕ-013,Lamoda,Пресненский,Останкинский,8.5,131
ПРЕ-014,Ozon,Пресненский,Останкинский,8.24,48
ПРЕ-015,Wildberries,Пресненский,Останкинский,9.8,89
ПРЕ-016,Wildberries,Пресненский,Останкинский,7.63,121
ТАГ-001,Lamoda,Таганский,Соколиная Гора,6.13,155
ТАГ-002,Wildberries,Таганский,Соколиная Гора,4.95,95
ТАГ-003,Ozon,Таганский,Соколиная Гора,5.28,82
ТАГ-004,Ozon,Таганский,Соколиная Гора,3.88,185
ТАГ-005,Lamoda,Таганский,Соколиная Гора,6.7,99
ТАГ-006,Ozon,Таганский,Соколиная Гора,5.41,97
ТАГ-007,Ozon,Таганский,Соколиная Гора,6.35,101
ТАГ-008,Ozon,Таганский,Соколиная Гора,4.98,58
ТАГ-009,Wildberries,Таганский,Соколиная Гора,5.65,81
ТАГ-010,Wildberries,Таганский,Соколиная Гора,5.63,107
ТАГ-011,Ozon,Таганский,Соколиная Гора,5.47,111
ТАГ-012,Lamoda,Таганский,Соколиная Гора,5.52,115
ТАГ-013,Ozon,Таганский,Соколиная Гора,5.9,128
ТАГ-014,Ozon,Таганский,Соколиная Гора,4.58,125
ТАГ-015,Ozon,Таганский,Соколиная Гора,5.52,94
ТАГ-016,Ozon,Таганский,Соколиная Гора,4.41,175
ТВЕ-001,Ozon,Тверской,Останкинский,8.52,161
ТВЕ-002,Ozon,Тверской,Останкинский,6.99,152
ТВЕ-003,Lamoda,Тверской,Соколиная Гора,8.56,129
ТВЕ-004,Wildberries,Тверской,Останкинский,7.81,111
ТВЕ-005,Wildberries,Тверской,Останкинский,5.95,111
ТВЕ-006,Wildberries,Тверской,Останкинский,7.04,58
ТВЕ-007,Ozon,Тверской,Останкинский,5.35,150
ТВЕ-008,Ozon,Тверской,Останкинский,7.59,108
ТВЕ-009,Lamoda,Тверской,Останкинский,6.67,161
ХАМ-001,Wildberries,Хамовники,Соколиная Гора,8.94,109
ХАМ-002,Wildberries,Хамовники,Зюзино,8.46,78
ХАМ-003,Wildberries,Хамовники,Соколиная Гора,8.98,146
ХАМ-004,Wildberries,Хамовники,Останкинский,9.85,117
ХАМ-005,Lamoda,Хамовники,Зюзино,8.74,142
ХАМ-006,Wildberries,Хамовники,Зюзино,8.03,77
ХАМ-007,Ozon,Хамовники,Соколиная Гора,8.76,141
ХАМ-008,Wildberries,Хамовники,Соколиная Гора,9.54,134
ХАМ-009,Wildberries,Хамовники,Зюзино,6.65,140
ХАМ-010,Ozon,Хамовники,Останкинский,8.55,149
ХАМ-011,Wildberries,Хамовники,Соколиная Гора,8.63,128
ХАМ-012,Wildberries,Хамовники,Зюзино,9.77,114
ЯКИ-001,Ozon,Якиманка,Соколиная Гора,8.08,82
ЯКИ-002,Ozon,Якиманка,Соколиная Гора,8.7,91
ЯКИ-003,Wildberries,Якиманка,Соколиная Гора,8.46,166
ЯКИ-004,Wildberries,Якиманка,Соколиная Гора,8.09,201
ХОР-001,Ozon,Хорошёво-Мнёвники,Покровское-Стрешнево,2.86,123
ХОР-002,Wildberries,Хорошёво-Мнёвники,Покровское-Стрешнево,6.98,63
ХОР-003,Ozon,Хорошёво-Мнёвники,Покровское-Стрешнево,4.58,129
ХОР-004,Ozon,Хорошёво-Мнёвники,Покровское-Стрешнево,8.03,103
ХОР-005,Wildberries,Хорошёво-Мнёвники,Покровское-Стрешнево,4.14,146
ХОР-006,Lamoda,Хорошёво-Мнёвники,Покровское-Стрешнево,4.2,113
ХОР-007,Wildberries,Хорошёво-Мнёвники,Покровское-Стрешнево,3.87,138
ХОР-008,Ozon,Хорошёво-Мнёвники,Покровское-Стрешнево,5.35,50
ХОР-009,Wildberries,Хорошёво-Мнёвники,Покровское-Стрешнево,6.82,96
ХОР-010,Wildberries,Хорошёво-Мнёвники,Покровское-Стрешнево,5.41,158
ХОР-011,Wildberries,Хорошёво-Мнёвники,Покровское-Стрешнево,5.45,123
ХОР-012,Lamoda,Хорошёво-Мнёвники,Покровское-Стрешнево,5.62,88
ХОР-013,Ozon,Хорошёво-Мнёвники,Покровское-Стрешнево,4.58,71
ХОР-014,Ozon,Хорошёво-Мнёвники,Покровское-Стрешнево,6.44,115
ХОР-015,Wildberries,Хорошёво-Мнёвники,Покровское-Стрешнево,3.69,101
ХОР-016,Lamoda,Хорошёво-Мнёвники,Покровское-Стрешнево,5.93,113
ХОР-017,Wildberries,Хорошёво-Мнёвники,Покровское-Стрешнево,4.92,108
ХОР-018,Wildberries,Хорошёво-Мнёвники,Покровское-Стрешнево,3.57,159
ХОР-019,Ozon,Хорошёво-Мнёвники,Покровское-Стрешнево,5.25,188
ХОР-020,Ozon,Хорошёво-Мнёвники,Покровское-Стрешнево,4.95,157
ХОР-021,Ozon,Хорошёво-Мнёвники,Покровское-Стрешнево,4.57,130
ХОР-022,Ozon,Хорошёво-Мнёвники,Покровское-Стрешнево,6.95,80
МИТ-001,Ozon,Митино,Покровское-Стрешнево,4.94,158
МИТ-002,Wildberries,Митино,Покровское-Стрешнево,6.87,110
МИТ-003,Wildberries,Митино,Покровское-Стрешнево,7.03,157
МИТ-004,Ozon,Митино,Покровское-Стрешнево,4.8,127
МИТ-005,Wildberries,Митино,Покровское-Стрешнево,6.06,118
МИТ-006,Wildberries,Митино,Покровское-Стрешнево,5.61,90
МИТ-007,Wildberries,Митино,Покровское-Стрешнево,6.42,157
МИТ-008,Ozon,Митино,Покровское-Стрешнево,5.88,109
МИТ-009,Ozon,Митино,Покровское-Стрешнево,5.8,50
МИТ-010,Lamoda,Митино,Покровское-Стрешнево,6.98,94
МИТ-011,Ozon,Митино,Покровское-Стрешнево,5.95,204
МИТ-012,Wildberries,Митино,Покровское-Стрешнево,5.71,65
МИТ-013,Ozon,Митино,Покровское-Стрешнево,6.49,147
МИТ-014,Wildberries,Митино,Покровское-Стрешнево,7.28,151
МИТ-015,Lamoda,Митино,Покровское-Стрешнево,6.45,166
МИТ-016,Ozon,Митино,Покровское-Стрешнево,7.74,170
МИТ-017,Wildberries,Митино,Покровское-Стрешнево,5.6,107
МИТ-018,Ozon,Митино,Покровское-Стрешнево,5.78,65
МИТ-019,Ozon,Митино,Покровское-Стрешнево,5.27,36
МИТ-020,Ozon,Митино,Покровское-Стрешнево,6.19,128
МИТ-021,Wildberries,Митино,Покровское-Стрешнево,6.31,127
МИТ-022,Ozon,Митино,Покровское-Стрешнево,6.51,133
СТР-001,Wildberries,Строгино,Покровское-Стрешнево,3.62,109
СТР-002,Wildberries,Строгино,Покровское-Стрешнево,6.46,88
СТР-003,Ozon,Строгино,Покровское-Стрешнево,4.5,93
СТР-004,Ozon,Строгино,Покровское-Стрешнево,4.31,97
СТР-005,Ozon,Строгино,Покровское-Стрешнево,5.52,117
СТР-006,Ozon,Строгино,Покровское-Стрешнево,5.63,69
СТР-007,Wildberries,Строгино,Покровское-Стрешнево,4.05,132
СТР-008,Wildberries,Строгино,Покровское-Стрешнево,6.12,82
СТР-009,Ozon,Строгино,Покровское-Стрешнево,4.44,90
СТР-010,Wildberries,Строгино,Покровское-Стрешнево,4.57,128
СТР-011,Wildberries,Строгино,Покровское-Стрешнево,7.1,105
СТР-012,Wildberries,Строгино,Покровское-Стрешнево,4.0,57
СТР-013,Ozon,Строгино,Покровское-Стрешнево,4.82,98
СТР-014,Wildberries,Строгино,Покровское-Стрешнево,3.92,135
СТР-015,Ozon,Строгино,Покровское-Стрешнево,5.01,128
СТР-016,Wildberries,Строгино,Покровское-Стрешнево,4.93,75
СТР-017,Wildberries,Строгино,Покровское-Стрешнево,4.97,170
СТР-018,Lamoda,Строгино,Покровское-Стрешнево,4.65,98
СТР-019,Ozon,Строгино,Покровское-Стрешнево,5.55,167
СЕВ-001,Ozon,Северное Тушино,Покровское-Стрешнево,0.37,209
СЕВ-002,Ozon,Северное Тушино,Покровское-Стрешнево,1.93,109
СЕВ-003,Lamoda,Северное Тушино,Покровское-Стрешнево,2.11,138
СЕВ-004,Wildberries,Северное Тушино,Покровское-Стрешнево,4.2,126
СЕВ-005,Ozon,Северное Тушино,Покровское-Стрешнево,3.27,59
СЕВ-006,Ozon,Северное Тушино,Покровское-Стрешнево,2.75,113
СЕВ-007,Ozon,Северное Тушино,Покровское-Стрешнево,2.12,131
СЕВ-008,Wildberries,Северное Тушино,Покровское-Стрешнево,3.56,108
СЕВ-009,Lamoda,Северное Тушино,Покровское-Стрешнево,3.94,108
СЕВ-010,Lamoda,Северное Тушино,Покровское-Стрешнево,2.95,136
СЕВ-011,Wildberries,Северное Тушино,Покровское-Стрешнево,1.0,129
СЕВ-012,Ozon,Северное Тушино,Покровское-Стрешнево,1.78,132
СЕВ-013,Lamoda,Северное Тушино,Покровское-Стрешнево,3.98,133
СЕВ-014,Wildberries,Северное Тушино,Покровское-Стрешнево,4.49,163
СЕВ-015,Wildberries,Северное Тушино,Покровское-Стрешнево,3.31,147
ЮЖН-001,Wildberries,Южное Тушино,Покровское-Стрешнево,2.09,111
ЮЖН-002,Ozon,Южное Тушино,Покровское-Стрешнево,2.47,92
ЮЖН-003,Ozon,Южное Тушино,Покровское-Стрешнево,2.49,112
ЮЖН-004,Ozon,Южное Тушино,Покровское-Стрешнево,3.01,118
ЮЖН-005,Ozon,Южное Тушино,Покровское-Стрешнево,2.48,139
ЮЖН-006,Ozon,Южное Тушино,Покровское-Стрешнево,3.39,144
ЮЖН-007,Lamoda,Южное Тушино,Покровское-Стрешнево,2.76,77
ЮЖН-008,Ozon,Южное Тушино,Покровское-Стрешнево,3.57,84
ЮЖН-009,Ozon,Южное Тушино,Покровское-Стрешнево,4.93,67
ЮЖН-010,Wildberries,Южное Тушино,Покровское-Стрешнево,4.29,146
ЮЖН-011,Ozon,Южное Тушино,Покровское-Стрешнево,1.46,122
КУР-001,Ozon,Куркино,Покровское-Стрешнево,8.22,125
КУР-002,Ozon,Куркино,Покровское-Стрешнево,10.09,41
КУР-003,Ozon,Куркино,Покровское-Стрешнево,10.29,54
ПОК-001,Lamoda,Покровское-Стрешнево,Покровское-Стрешнево,2.43,106
ПОК-002,Lamoda,Покровское-Стрешнево,Покровское-Стрешнево,0.22,84
ПОК-003,Wildberries,Покровское-Стрешнево,Покровское-Стрешнево,2.53,87
ПОК-004,Ozon,Покровское-Стрешнево,Покровское-Стрешнево,0.92,163
ПОК-005,Ozon,Покровское-Стрешнево,Покровское-Стрешнево,1.1,131
ПОК-006,Ozon,Покровское-Стрешнево,Покровское-Стрешнево,0.43,75
ПОК-007,Wildberries,Покровское-Стрешнево,Покровское-Стрешнево,2.52,128
ПОК-008,Wildberries,Покровское-Стрешнево,Покровское-Стрешнево,0.15,81
ПОК-009,Ozon,Покровское-Стрешнево,Покровское-Стрешнево,0.98,118
ПОК-010,Ozon,Покровское-Стрешнево,Покровское-Стрешнево,2.49,120
ЩУК-001,Lamoda,Щукино,Покровское-Стрешнево,3.43,82
ЩУК-002,Ozon,Щукино,Покровское-Стрешнево,4.18,137
ЩУК-003,Wildberries,Щукино,Покровское-Стрешнево,5.73,154
ЩУК-004,Ozon,Щукино,Покровское-Стрешнево,2.46,90
ЩУК-005,Wildberries,Щукино,Покровское-Стрешнево,3.31,165
ЩУК-006,Wildberries,Щукино,Покровское-Стрешнево,3.38,108
ЩУК-007,Wildberries,Щукино,Покровское-Стрешнево,3.61,128
ЩУК-008,Ozon,Щукино,Покровское-Стрешнево,4.4,105
АЛЕ-001,Ozon,Алексеевский,Останкинский,4.29,170
АЛЕ-002,Lamoda,Алексеевский,Останкинский,2.37,45
АЛЕ-003,Wildberries,Алексеевский,Останкинский,3.25,115
АЛЕ-004,Wildberries,Алексеевский,Соколиная Гора,5.13,174
АЛЕ-005,Ozon,Алексеевский,Останкинский,3.31,88
АЛЕ-006,Ozon,Алексеевский,Останкинский,3.7,108
АЛЕ-007,Lamoda,Алексеевский,Останкинский,4.26,116
АЛЕ-008,Ozon,Алексеевский,Останкинский,5.02,149
АЛЕ-009,Ozon,Алексеевский,Останкинский,2.27,102
АЛТ-001,Ozon,Алтуфьевский,Останкинский,5.28,120
АЛТ-002,Ozon,Алтуфьевский,Останкинский,6.4,143
АЛТ-003,Ozon,Алтуфьевский,Останкинский,3.54,122
АЛТ-004,Ozon,Алтуфьевский,Останкинский,6.7,105
АЛТ-005,Wildberries,Алтуфьевский,Останкинский,5.18,84
АЛТ-006,Lamoda,Алтуфьевский,Останкинский,5.97,51
АЛТ-007,Ozon,Алтуфьевский,Останкинский,5.05,119
АЛТ-008,Lamoda,Алтуфьевский,Останкинский,6.77,78
БАБ-001,Ozon,Бабушкинский,Останкинский,6.13,32
БАБ-002,Wildberries,Бабушкинский,Останкинский,3.8,105
БАБ-003,Ozon,Бабушкинский,Останкинский,5.16,96
БАБ-004,Wildberries,Бабушкинский,Останкинский,4.85,133
БАБ-005,Wildberries,Бабушкинский,Останкинский,5.61,98
БАБ-006,Ozon,Бабушкинский,Останкинский,4.11,122
БАБ-007,Wildberries,Бабушкинский,Останкинский,4.4,139
БАБ-008,Ozon,Бабушкинский,Останкинский,6.48,170
БАБ-009,Wildberries,Бабушкинский,Останкинский,5.87,108
БАБ-010,Lamoda,Бабушкинский,Останкинский,4.78,114
БИБ-001,Wildberries,Бибирево,Останкинский,5.75,111
БИБ-002,Ozon,Бибирево,Останкинский,5.99,160
БИБ-003,Lamoda,Бибирево,Останкинский,6.39,79
БИБ-004,Ozon,Бибирево,Останкинский,7.24,127
БИБ-005,Ozon,Бибирево,Останкинский,6.66,130
БИБ-006,Wildberries,Бибирево,Останкинский,6.89,133
БИБ-007,Wildberries,Бибирево,Останкинский,3.68,136
БИБ-008,Ozon,Бибирево,Останкинский,5.08,103
БИБ-009,Wildberries,Бибирево,Останкинский,5.98,176
БИБ-010,Lamoda,Бибирево,Останкинский,4.65,118
БИБ-011,Lamoda,Бибирево,Останкинский,5.7,152
БИБ-012,Ozon,Бибирево,Останкинский,5.61,127
БИБ-013,Lamoda,Бибирево,Останкинский,4.76,158
БИБ-014,Wildberries,Бибирево,Останкинский,4.09,136
БИБ-015,Ozon,Бибирево,Останкинский,6.29,133
БИБ-016,Ozon,Бибирево,Останкинский,4.1,109
БИБ-017,Wildberries,Бибирево,Останкинский,7.19,182
БИБ-018,Wildberries,Бибирево,Останкинский,5.83,146
БИБ-019,Wildberries,Бибирево,Останкинский,6.16,117
БУТ-001,Ozon,Бутырский,Останкинский,2.78,131
БУТ-002,Wildberries,Бутырский,Останкинский,3.75,133
БУТ-003,Ozon,Бутырский,Останкинский,2.34,62
БУТ-004,Ozon,Бутырский,Останкинский,4.73,110
БУТ-005,Ozon,Бутырский,Останкинский,2.66,131
БУТ-006,Ozon,Бутырский,Останкинский,3.95,107
БУТ-007,Wildberries,Бутырский,Останкинский,3.46,156
БУТ-008,Lamoda,Бутырский,Останкинский,3.47,136
БУТ-009,Ozon,Бутырский,Останкинский,3.22,100
ЛИА-001,Lamoda,Лианозово,Останкинский,9.01,154
ЛИА-002,Wildberries,Лианозово,Останкинский,8.25,89
ЛИА-003,Lamoda,Лианозово,Останкинский,8.84,135
ЛИА-004,Wildberries,Лианозово,Останкинский,7.61,205
ЛИА-005,Wildberries,Лианозово,Останкинский,9.71,134
ЛИА-006,Ozon,Лианозово,Останкинский,8.49,170
ЛИА-007,Wildberries,Лианозово,Останкинский,9.48,117
ЛИА-008,Ozon,Лианозово,Останкинский,8.14,117
ЛИА-009,Wildberries,Лианозово,Останкинский,6.62,64
ЛИА-010,Ozon,Лианозово,Останкинский,7.87,218
ЛОС-001,Lamoda,Лосиноостровский,Останкинский,6.55,135
ЛОС-002,Ozon,Лосиноостровский,Останкинский,6.29,71
ЛОС-003,Wildberries,Лосиноостровский,Останкинский,6.93,99
ЛОС-004,Wildberries,Лосиноостровский,Останкинский,7.29,97
ЛОС-005,Lamoda,Лосиноостровский,Останкинский,7.15,137
ЛОС-006,Lamoda,Лосиноостровский,Останкинский,8.19,141
ЛОС-007,Ozon,Лосиноостровский,Останкинский,6.45,144
ЛОС-008,Wildberries,Лосиноостровский,Останкинский,6.39,149
ЛОС-009,Wildberries,Лосиноостровский,Останкинский,5.55,111
ЛОС-010,Ozon,Лосиноостровский,Останкинский,7.04,107
ЛОС-011,Wildberries,Лосиноостровский,Останкинский,5.72,120
МАР-001,Ozon,Марфино,Останкинский,1.76,110
МАР-002,Wildberries,Марфино,Останкинский,1.77,46
МАР-003,Wildberries,Марфино,Останкинский,2.13,168
МАР-004,Ozon,Марфино,Останкинский,2.21,121
МАР-005,Wildberries,Марфино,Останкинский,0.3,38
МАР-001,Ozon,Марьина Роща,Останкинский,4.44,136
МАР-002,Ozon,Марьина Роща,Останкинский,3.14,126
МАР-003,Lamoda,Марьина Роща,Останкинский,4.12,144
МАР-004,Ozon,Марьина Роща,Останкинский,4.53,34
МАР-005,Ozon,Марьина Роща,Останкинский,6.04,111
МАР-006,Wildberries,Марьина Роща,Останкинский,5.82,206
МАР-007,Wildberries,Марьина Роща,Останкинский,5.01,79
МАР-008,Wildberries,Марьина Роща,Останкинский,4.69,117
ОСТ-001,Wildberries,Останкинский,Останкинский,1.02,132
ОСТ-002,Wildberries,Останкинский,Останкинский,1.87,91
ОСТ-003,Ozon,Останкинский,Останкинский,1.03,108
ОСТ-004,Wildberries,Останкинский,Останкинский,0.82,173
ОСТ-005,Wildberries,Останкинский,Останкинский,0.66,187
ОСТ-006,Wildberries,Останкинский,Останкинский,1.78,171
ОТР-001,Ozon,Отрадное,Останкинский,2.62,116
ОТР-002,Lamoda,Отрадное,Останкинский,2.4,89
ОТР-003,Ozon,Отрадное,Останкинский,3.7,102
ОТР-004,Lamoda,Отрадное,Останкинский,3.03,71
ОТР-005,Ozon,Отрадное,Останкинский,0.92,166
ОТР-006,Wildberries,Отрадное,Останкинский,4.98,147
ОТР-007,Ozon,Отрадное,Останкинский,3.98,99
ОТР-008,Wildberries,Отрадное,Останкинский,4.02,80
ОТР-009,Wildberries,Отрадное,Останкинский,3.37,92
ОТР-010,Ozon,Отрадное,Останкинский,4.03,174
ОТР-011,Lamoda,Отрадное,Останкинский,2.29,101
ОТР-012,Ozon,Отрадное,Останкинский,3.35,56
ОТР-013,Ozon,Отрадное,Останкинский,1.38,173
ОТР-014,Wildberries,Отрадное,Останкинский,3.69,98
ОТР-015,Ozon,Отрадное,Останкинский,3.45,103
ОТР-016,Wildberries,Отрадное,Останкинский,3.43,104
ОТР-017,Wildberries,Отрадное,Останкинский,3.15,143
ОТР-018,Wildberries,Отрадное,Останкинский,4.2,170
ОТР-019,Ozon,Отрадное,Останкинский,3.77,120
ОТР-020,Ozon,Отрадное,Останкинский,5.41,112
ОТР-021,Wildberries,Отрадное,Останкинский,1.54,147
ОТР-022,Ozon,Отрадное,Останкинский,3.71,119
ОТР-023,Ozon,Отрадное,Останкинский,4.35,104
ОТР-024,Wildberries,Отрадное,Останкинский,0.45,149
РОС-001,Lamoda,Ростокино,Останкинский,1.71,86
РОС-002,Lamoda,Ростокино,Останкинский,3.99,146
РОС-003,Wildberries,Ростокино,Останкинский,3.79,163
СВИ-001,Ozon,Свиблово,Останкинский,2.33,96
СВИ-002,Ozon,Свиблово,Останкинский,4.21,112
СВИ-003,Wildberries,Свиблово,Останкинский,2.55,93
СВИ-004,Wildberries,Свиблово,Останкинский,2.19,128
СВИ-005,Wildberries,Свиблово,Останкинский,2.6,115
СВИ-006,Ozon,Свиблово,Останкинский,0.9,150
СВИ-007,Ozon,Свиблово,Останкинский,4.08,136
СВИ-008,Wildberries,Свиблово,Останкинский,5.98,92
СЕВ-001,Ozon,Северное Медведково,Останкинский,6.55,83
СЕВ-002,Lamoda,Северное Медведково,Останкинский,6.36,152
СЕВ-003,Lamoda,Северное Медведково,Останкинский,6.03,74
СЕВ-004,Ozon,Северное Медведково,Останкинский,7.66,136
СЕВ-005,Wildberries,Северное Медведково,Останкинский,5.4,111
СЕВ-006,Ozon,Северное Медведково,Останкинский,6.94,150
СЕВ-007,Ozon,Северное Медведково,Останкинский,6.34,166
СЕВ-008,Lamoda,Северное Медведково,Останкинский,7.03,149
СЕВ-009,Wildberries,Северное Медведково,Останкинский,4.27,132
СЕВ-010,Wildberries,Северное Медведково,Останкинский,6.45,171
СЕВ-001,Wildberries,Северный,Останкинский,12.12,58
СЕВ-002,Ozon,Северный,Останкинский,14.32,131
ЮЖН-001,Ozon,Южное Медведково,Останкинский,3.9,101
ЮЖН-002,Ozon,Южное Медведково,Останкинский,2.91,141
ЮЖН-003,Wildberries,Южное Медведково,Останкинский,4.98,161
ЮЖН-004,Ozon,Южное Медведково,Останкинский,3.98,99
ЮЖН-005,Wildberries,Южное Медведково,Останкинский,4.77,119
ЮЖН-006,Ozon,Южное Медведково,Останкинский,4.5,65
ЮЖН-007,Lamoda,Южное Медведково,Останкинский,6.04,198
ЮЖН-008,Ozon,Южное Медведково,Останкинский,5.59,112
ЮЖН-009,Wildberries,Южное Медведково,Останкинский,5.14,126
ЮЖН-010,Wildberries,Южное Медведково,Останкинский,5.56,142
ЯРО-001,Lamoda,Ярославский,Останкинский,4.9,62
ЯРО-002,Wildberries,Ярославский,Останкинский,5.61,20
ЯРО-003,Wildberries,Ярославский,Останкинский,6.35,132
ЯРО-004,Wildberries,Ярославский,Останкинский,6.92,130
ЯРО-005,Lamoda,Ярославский,Останкинский,6.9,99
ЯРО-006,Ozon,Ярославский,Останкинский,6.21,106
ЯРО-007,Ozon,Ярославский,Останкинский,7.49,123
ЯРО-008,Ozon,Ярославский,Останкинский,6.81,94
ЯРО-009,Ozon,Ярославский,Останкинский,6.89,121
ЯРО-010,Wildberries,Ярославский,Останкинский,4.36,58
БОГ-001,Ozon,Богородское,Останкинский,5.58,40
БОГ-002,Lamoda,Богородское,Соколиная Гора,4.49,69
БОГ-003,Ozon,Богородское,Останкинский,5.84,139
БОГ-004,Lamoda,Богородское,Соколиная Гора,5.33,91
БОГ-005,Ozon,Богородское,Соколиная Гора,3.37,126
БОГ-006,Ozon,Богородское,Соколиная Гора,5.29,82
БОГ-007,Ozon,Богородское,Соколиная Гора,3.68,79
БОГ-008,Wildberries,Богородское,Соколиная Гора,3.97,98
БОГ-009,Ozon,Богородское,Соколиная Гора,5.58,137
БОГ-010,Ozon,Богородское,Соколиная Гора,4.66,124
БОГ-011,Ozon,Богородское,Соколиная Гора,5.59,50
БОГ-012,Ozon,Богородское,Останкинский,5.45,165
ВЕШ-001,Lamoda,Вешняки,Соколиная Гора,6.82,111
ВЕШ-002,Lamoda,Вешняки,Соколиная Гора,7.48,161
ВЕШ-003,Ozon,Вешняки,Соколиная Гора,9.02,139
ВЕШ-004,Wildberries,Вешняки,Соколиная Гора,4.97,190
ВЕШ-005,Ozon,Вешняки,Соколиная Гора,4.91,87
ВЕШ-006,Lamoda,Вешняки,Соколиная Гора,7.2,128
ВЕШ-007,Ozon,Вешняки,Соколиная Гора,5.21,57
ВЕШ-008,Wildberries,Вешняки,Соколиная Гора,6.23,65
ВЕШ-009,Ozon,Вешняки,Соколиная Гора,6.91,71
ВЕШ-010,Wildberries,Вешняки,Соколиная Гора,7.61,148
ВЕШ-011,Ozon,Вешняки,Соколиная Гора,6.96,91
ВЕШ-012,Wildberries,Вешняки,Соколиная Гора,7.18,79
ВЕШ-013,Ozon,Вешняки,Соколиная Гора,4.98,120
ВЕШ-014,Wildberries,Вешняки,Соколиная Гора,6.18,69
ВЕШ-015,Ozon,Вешняки,Соколиная Гора,7.04,42
ВОС-001,Ozon,Восточный,Соколиная Гора,13.22,139
ВОС-002,Ozon,Восточный,Соколиная Гора,11.16,37
ВОС-001,Ozon,Восточное Измайлово,Соколиная Гора,4.35,70
ВОС-002,Wildberries,Восточное Измайлово,Соколиная Гора,5.44,135
ВОС-003,Ozon,Восточное Измайлово,Соколиная Гора,6.75,82
ВОС-004,Wildberries,Восточное Измайлово,Соколиная Гора,7.15,70
ВОС-005,Ozon,Восточное Измайлово,Соколиная Гора,6.89,126
ВОС-006,Lamoda,Восточное Измайлово,Соколиная Гора,5.53,111
ВОС-007,Ozon,Восточное Измайлово,Соколиная Гора,5.16,138
ВОС-008,Ozon,Восточное Измайлово,Соколиная Гора,5.15,93
ВОС-009,Ozon,Восточное Измайлово,Соколиная Гора,6.09,161
ГОЛ-001,Lamoda,Гольяново,Соколиная Гора,7.24,175
ГОЛ-002,Ozon,Гольяново,Соколиная Гора,7.39,90
ГОЛ-003,Wildberries,Гольяново,Соколиная Гора,6.55,157
ГОЛ-004,Wildberries,Гольяново,Соколиная Гора,7.61,112
ГОЛ-005,Wildberries,Гольяново,Соколиная Гора,6.41,142
ГОЛ-006,Ozon,Гольяново,Соколиная Гора,6.47,160
ГОЛ-007,Ozon,Гольяново,Соколиная Гора,5.47,164
ГОЛ-008,Wildberries,Гольяново,Соколиная Гора,5.93,65
ГОЛ-009,Wildberries,Гольяново,Соколиная Гора,5.01,124
ГОЛ-010,Lamoda,Гольяново,Соколиная Гора,5.2,182
ГОЛ-011,Lamoda,Гольяново,Соколиная Гора,5.78,120
ГОЛ-012,Ozon,Гольяново,Соколиная Гора,5.64,64
ГОЛ-013,Lamoda,Гольяново,Соколиная Гора,6.9,63
ГОЛ-014,Wildberries,Гольяново,Соколиная Гора,6.64,110
ГОЛ-015,Ozon,Гольяново,Соколиная Гора,5.09,162
ГОЛ-016,Ozon,Гольяново,Соколиная Гора,7.03,128
ГОЛ-017,Ozon,Гольяново,Соколиная Гора,7.32,64
ГОЛ-018,Lamoda,Гольяново,Соколиная Гора,5.39,134
ГОЛ-019,Wildberries,Гольяново,Соколиная Гора,8.95,127
ИВА-001,Wildberries,Ивановское,Соколиная Гора,3.67,128
ИВА-002,Wildberries,Ивановское,Соколиная Гора,5.66,155
ИВА-003,Lamoda,Ивановское,Соколиная Гора,3.82,142
ИВА-004,Ozon,Ивановское,Соколиная Гора,5.71,99
ИВА-005,Ozon,Ивановское,Соколиная Гора,4.46,156
ИВА-006,Ozon,Ивановское,Соколиная Гора,6.94,159
ИВА-007,Ozon,Ивановское,Соколиная Гора,5.21,122
ИВА-008,Wildberries,Ивановское,Соколиная Гора,5.4,112
ИВА-009,Wildberries,Ивановское,Соколиная Гора,6.16,72
ИВА-010,Ozon,Ивановское,Соколиная Гора,5.64,106
ИВА-011,Ozon,Ивановское,Соколиная Гора,4.46,143
ИВА-012,Lamoda,Ивановское,Соколиная Гора,5.73,102
ИВА-013,Ozon,Ивановское,Соколиная Гора,5.09,97
ИВА-014,Wildberries,Ивановское,Соколиная Гора,6.03,179
ИВА-015,Wildberries,Ивановское,Соколиная Гора,5.68,78
ИВА-016,Wildberries,Ивановское,Соколиная Гора,4.73,83
ИЗМ-001,Ozon,Измайлово,Соколиная Гора,3.28,87
ИЗМ-002,Wildberries,Измайлово,Соколиная Гора,2.97,74
ИЗМ-003,Wildberries,Измайлово,Соколиная Гора,4.41,72
ИЗМ-004,Wildberries,Измайлово,Соколиная Гора,3.75,148
ИЗМ-005,Wildberries,Измайлово,Соколиная Гора,2.35,144
ИЗМ-006,Wildberries,Измайлово,Соколиная Гора,3.64,130
ИЗМ-007,Ozon,Измайлово,Соколиная Гора,2.65,129
ИЗМ-008,Wildberries,Измайлово,Соколиная Гора,2.47,108
ИЗМ-009,Ozon,Измайлово,Соколиная Гора,2.56,118
ИЗМ-010,Ozon,Измайлово,Соколиная Гора,2.75,123
ИЗМ-011,Ozon,Измайлово,Соколиная Гора,3.64,121
ИЗМ-012,Wildberries,Измайлово,Соколиная Гора,1.37,129
ИЗМ-013,Ozon,Измайлово,Соколиная Гора,3.1,143
ИЗМ-014,Lamoda,Измайлово,Соколиная Гора,3.5,46
КОС-001,Ozon,Косино-Ухтомский,Соколиная Гора,10.91,143
КОС-002,Ozon,Косино-Ухтомский,Соколиная Гора,10.43,112
КОС-003,Wildberries,Косино-Ухтомский,Соколиная Гора,11.12,134
КОС-004,Wildberries,Косино-Ухтомский,Соколиная Гора,11.98,110
КОС-005,Wildberries,Косино-Ухтомский,Соколиная Гора,12.14,120
КОС-006,Ozon,Косино-Ухтомский,Соколиная Гора,12.18,48
КОС-007,Wildberries,Косино-Ухтомский,Соколиная Гора,12.43,143
КОС-008,Ozon,Косино-Ухтомский,Соколиная Гора,11.55,143
КОС-009,Ozon,Косино-Ухтомский,Соколиная Гора,12.25,156
МЕТ-001,Ozon,Метрогородок,Соколиная Гора,6.25,82
МЕТ-002,Ozon,Метрогородок,Останкинский,7.32,125
МЕТ-003,Ozon,Метрогородок,Останкинский,6.72,128
МЕТ-004,Ozon,Метрогородок,Останкинский,6.29,78
МЕТ-005,Lamoda,Метрогородок,Соколиная Гора,5.67,183
МЕТ-006,Ozon,Метрогородок,Соколиная Гора,5.94,169
НОВ-001,Ozon,Новогиреево,Соколиная Гора,6.77,82
НОВ-002,Wildberries,Новогиреево,Соколиная Гора,6.49,155
НОВ-003,Wildberries,Новогиреево,Соколиная Гора,4.73,110
НОВ-004,Ozon,Новогиреево,Соколиная Гора,6.43,104
НОВ-005,Wildberries,Новогиреево,Соколиная Гора,5.98,141
НОВ-006,Ozon,Новогиреево,Соколиная Гора,3.76,121
НОВ-007,Wildberries,Новогиреево,Соколиная Гора,5.52,92
НОВ-008,Wildberries,Новогиреево,Соколиная Гора,2.68,161
НОВ-009,Wildberries,Новогиреево,Соколиная Гора,6.0,108
НОВ-010,Wildberries,Новогиреево,Соколиная Гора,6.36,52
НОВ-011,Wildberries,Новогиреево,Соколиная Гора,4.2,99
НОВ-001,Wildberries,Новокосино,Соколиная Гора,8.8,59
НОВ-002,Wildberries,Новокосино,Соколиная Гора,10.02,72
НОВ-003,Lamoda,Новокосино,Соколиная Гора,7.88,96
НОВ-004,Wildberries,Новокосино,Соколиная Гора,9.51,77
НОВ-005,Lamoda,Новокосино,Соколиная Гора,7.67,93
НОВ-006,Ozon,Новокосино,Соколиная Гора,10.5,121
НОВ-007,Ozon,Новокосино,Соколиная Гора,9.43,127
НОВ-008,Wildberries,Новокосино,Соколиная Гора,7.39,109
НОВ-009,Ozon,Новокосино,Соколиная Гора,8.13,110
НОВ-010,Ozon,Новокосино,Соколиная Гора,9.4,128
НОВ-011,Ozon,Новокосино,Соколиная Гора,9.43,111
НОВ-012,Ozon,Новокосино,Соколиная Гора,9.79,73
НОВ-013,Wildberries,Новокосино,Соколиная Гора,10.05,175
ПЕР-001,Ozon,Перово,Соколиная Гора,3.79,111
ПЕР-002,Wildberries,Перово,Соколиная Гора,3.61,93
ПЕР-003,Ozon,Перово,Соколиная Гора,4.81,139
ПЕР-004,Ozon,Перово,Соколиная Гора,2.62,133
ПЕР-005,Wildberries,Перово,Соколиная Гора,3.04,197
ПЕР-006,Ozon,Перово,Соколиная Гора,4.09,128
ПЕР-007,Ozon,Перово,Соколиная Гора,2.42,81
ПЕР-008,Wildberries,Перово,Соколиная Гора,1.97,182
ПЕР-009,Wildberries,Перово,Соколиная Гора,4.2,125
ПЕР-010,Wildberries,Перово,Соколиная Гора,4.16,136
ПЕР-011,Wildberries,Перово,Соколиная Гора,4.07,117
ПЕР-012,Lamoda,Перово,Соколиная Гора,5.0,28
ПЕР-013,Ozon,Перово,Соколиная Гора,4.39,102
ПЕР-014,Ozon,Перово,Соколиная Гора,3.67,145
ПЕР-015,Wildberries,Перово,Соколиная Гора,1.85,130
ПЕР-016,Ozon,Перово,Соколиная Гора,4.05,93
ПЕР-017,Ozon,Перово,Соколиная Гора,4.54,137
ПЕР-018,Lamoda,Перово,Соколиная Гора,4.72,77
ПРЕ-001,Ozon,Преображенское,Соколиная Гора,6.55,140
ПРЕ-002,Lamoda,Преображенское,Соколиная Гора,1.63,81
ПРЕ-003,Lamoda,Преображенское,Соколиная Гора,5.06,133
ПРЕ-004,Wildberries,Преображенское,Соколиная Гора,2.48,118
ПРЕ-005,Lamoda,Преображенское,Соколиная Гора,2.8,70
ПРЕ-006,Ozon,Преображенское,Соколиная Гора,2.58,74
ПРЕ-007,Ozon,Преображенское,Соколиная Гора,3.9,87
ПРЕ-008,Ozon,Преображенское,Соколиная Гора,3.78,125
ПРЕ-009,Lamoda,Преображенское,Соколиная Гора,3.91,103
СЕВ-001,Wildberries,Северное Измайлово,Соколиная Гора,6.24,124
СЕВ-002,Ozon,Северное Измайлово,Соколиная Гора,6.23,150
СЕВ-003,Lamoda,Северное Измайлово,Соколиная Гора,5.49,128
СЕВ-004,Ozon,Северное Измайлово,Соколиная Гора,5.58,110
СЕВ-005,Wildberries,Северное Измайлово,Соколиная Гора,6.72,92
СЕВ-006,Ozon,Северное Измайлово,Соколиная Гора,6.35,151
СЕВ-007,Ozon,Северное Измайлово,Соколиная Гора,6.06,122
СЕВ-008,Ozon,Северное Измайлово,Соколиная Гора,6.33,139
СЕВ-009,Wildberries,Северное Измайлово,Соколиная Гора,5.07,119
СЕВ-010,Ozon,Северное Измайлово,Соколиная Гора,7.85,134
СЕВ-011,Wildberries,Северное Измайлово,Соколиная Гора,7.16,106
СЕВ-012,Lamoda,Северное Измайлово,Соколиная Гора,4.82,128
СОК-001,Ozon,Соколиная Гора,Соколиная Гора,1.04,116
СОК-002,Lamoda,Соколиная Гора,Соколиная Гора,3.62,94
СОК-003,Ozon,Соколиная Гора,Соколиная Гора,1.44,107
СОК-004,Wildberries,Соколиная Гора,Соколиная Гора,0.56,90
СОК-005,Lamoda,Соколиная Гора,Соколиная Гора,0.54,131
СОК-006,Wildberries,Соколиная Гора,Соколиная Гора,1.06,101
СОК-007,Ozon,Соколиная Гора,Соколиная Гора,1.8,141
СОК-008,Ozon,Соколиная Гора,Соколиная Гора,3.97,94
СОК-009,Ozon,Соколиная Гора,Соколиная Гора,1.39,109
СОК-001,Lamoda,Сокольники,Соколиная Гора,4.55,137
СОК-002,Ozon,Сокольники,Соколиная Гора,3.44,128
СОК-003,Ozon,Сокольники,Соколиная Гора,4.9,120
СОК-004,Ozon,Сокольники,Соколиная Гора,3.36,139
СОК-005,Ozon,Сокольники,Соколиная Гора,4.47,121
СОК-006,Ozon,Сокольники,Соколиная Гора,3.37,120
БИР-001,Ozon,Бирюлёво Восточное,Зюзино,9.83,113
БИР-002,Ozon,Бирюлёво Восточное,Зюзино,9.06,109
БИР-003,Lamoda,Бирюлёво Восточное,Зюзино,8.98,104
БИР-004,Wildberries,Бирюлёво Восточное,Зюзино,8.82,182
БИР-005,Wildberries,Бирюлёво Восточное,Зюзино,9.14,116
БИР-006,Wildberries,Бирюлёво Восточное,Зюзино,10.84,93
БИР-007,Wildberries,Бирюлёво Восточное,Зюзино,9.59,128
БИР-008,Wildberries,Бирюлёво Восточное,Зюзино,9.68,129
БИР-009,Ozon,Бирюлёво Восточное,Зюзино,9.86,175
БИР-010,Ozon,Бирюлёво Восточное,Зюзино,10.29,116
БИР-011,Ozon,Бирюлёво Восточное,Зюзино,10.04,91
БИР-012,Wildberries,Бирюлёво Восточное,Зюзино,8.43,98
БИР-013,Wildberries,Бирюлёво Восточное,Зюзино,9.94,160
БИР-014,Lamoda,Бирюлёво Восточное,Зюзино,9.55,36
БИР-015,Ozon,Бирюлёво Восточное,Зюзино,10.59,128
БИР-016,Wildberries,Бирюлёво Восточное,Зюзино,7.56,92
БИР-017,Ozon,Бирюлёво Восточное,Зюзино,9.57,147
БИР-018,Ozon,Бирюлёво Восточное,Зюзино,8.65,104
БИР-001,Ozon,Бирюлёво Западное,Зюзино,6.64,124
БИР-002,Lamoda,Бирюлёво Западное,Зюзино,9.24,100
БИР-003,Wildberries,Бирюлёво Западное,Зюзино,5.61,158
БИР-004,Ozon,Бирюлёво Западное,Зюзино,6.65,144
БИР-005,Ozon,Бирюлёво Западное,Зюзино,5.49,135
БИР-006,Ozon,Бирюлёво Западное,Зюзино,5.5,160
БИР-007,Ozon,Бирюлёво Западное,Зюзино,3.78,102
БИР-008,Ozon,Бирюлёво Западное,Зюзино,7.51,23
БИР-009,Wildberries,Бирюлёво Западное,Зюзино,6.51,187
БИР-010,Wildberries,Бирюлёво Западное,Зюзино,5.64,148
БИР-011,Ozon,Бирюлёво Западное,Зюзино,5.47,137
БРА-001,Wildberries,Братеево,Зюзино,11.48,198
БРА-002,Wildberries,Братеево,Зюзино,11.82,159
БРА-003,Ozon,Братеево,Зюзино,12.77,42
БРА-004,Wildberries,Братеево,Зюзино,11.72,88
БРА-005,Ozon,Братеево,Зюзино,10.94,102
БРА-006,Wildberries,Братеево,Зюзино,11.14,156
БРА-007,Ozon,Братеево,Зюзино,10.48,48
БРА-008,Ozon,Братеево,Зюзино,10.07,113
БРА-009,Ozon,Братеево,Зюзино,11.17,142
БРА-010,Wildberries,Братеево,Зюзино,11.23,78
БРА-011,Ozon,Братеево,Зюзино,11.24,162
ДАН-001,Wildberries,Даниловский,Зюзино,5.61,136
ДАН-002,Wildberries,Даниловский,Соколиная Гора,7.09,106
ДАН-003,Ozon,Даниловский,Зюзино,7.74,111
ДАН-004,Wildberries,Даниловский,Соколиная Гора,7.95,34
ДАН-005,Ozon,Даниловский,Зюзино,6.09,116
ДАН-006,Wildberries,Даниловский,Зюзино,7.69,101
ДАН-007,Wildberries,Даниловский,Зюзино,5.83,143
ДАН-008,Ozon,Даниловский,Зюзино,6.54,144
ДАН-009,Ozon,Даниловский,Зюзино,7.15,79
ДАН-010,Ozon,Даниловский,Зюзино,6.56,140
ДАН-011,Wildberries,Даниловский,Соколиная Гора,7.99,95
ДАН-012,Wildberries,Даниловский,Зюзино,7.5,62
ДОН-001,Ozon,Донской,Зюзино,5.4,101
ДОН-002,Ozon,Донской,Зюзино,7.9,69
ДОН-003,Wildberries,Донской,Зюзино,7.59,97
ДОН-004,Ozon,Донской,Зюзино,2.74,110
ДОН-005,Ozon,Донской,Зюзино,5.26,159
ДОН-006,Ozon,Донской,Зюзино,5.06,183
ДОН-007,Ozon,Донской,Зюзино,7.15,123
ДОН-008,Wildberries,Донской,Зюзино,4.5,129
ЗЯБ-001,Lamoda,Зябликово,Зюзино,10.51,85
ЗЯБ-002,Ozon,Зябликово,Зюзино,11.67,106
ЗЯБ-003,Wildberries,Зябликово,Зюзино,10.39,101
ЗЯБ-004,Ozon,Зябликово,Зюзино,9.3,105
ЗЯБ-005,Wildberries,Зябликово,Зюзино,9.28,55
ЗЯБ-006,Ozon,Зябликово,Зюзино,10.06,114
ЗЯБ-007,Ozon,Зябликово,Зюзино,10.02,104
ЗЯБ-008,Wildberries,Зябликово,Зюзино,9.85,103
ЗЯБ-009,Ozon,Зябликово,Зюзино,10.4,88
ЗЯБ-010,Wildberries,Зябликово,Зюзино,11.59,146
ЗЯБ-011,Ozon,Зябликово,Зюзино,8.83,127
ЗЯБ-012,Ozon,Зябликово,Зюзино,10.12,123
ЗЯБ-013,Ozon,Зябликово,Зюзино,9.59,148
ЗЯБ-014,Ozon,Зябликово,Зюзино,9.25,158
ЗЯБ-015,Wildberries,Зябликово,Зюзино,8.72,100
ЗЯБ-016,Wildberries,Зябликово,Зюзино,10.07,155
МОС-001,Ozon,Москворечье-Сабурово,Зюзино,4.92,173
МОС-002,Wildberries,Москворечье-Сабурово,Зюзино,4.04,98
МОС-003,Ozon,Москворечье-Сабурово,Зюзино,5.08,124
МОС-004,Wildberries,Москворечье-Сабурово,Зюзино,5.62,139
МОС-005,Wildberries,Москворечье-Сабурово,Зюзино,5.97,112
МОС-006,Wildberries,Москворечье-Сабурово,Зюзино,4.78,117
МОС-007,Ozon,Москворечье-Сабурово,Зюзино,3.84,160
МОС-008,Ozon,Москворечье-Сабурово,Зюзино,4.6,113
НАГ-001,Ozon,Нагатино-Садовники,Зюзино,1.95,141
НАГ-002,Lamoda,Нагатино-Садовники,Зюзино,3.71,108
НАГ-003,Wildberries,Нагатино-Садовники,Зюзино,2.85,109
НАГ-004,Wildberries,Нагатино-Садовники,Зюзино,3.84,61
НАГ-005,Lamoda,Нагатино-Садовники,Зюзино,1.57,133
НАГ-006,Ozon,Нагатино-Садовники,Зюзино,4.29,170
НАГ-007,Wildberries,Нагатино-Садовники,Зюзино,3.4,166
НАГ-008,Ozon,Нагатино-Садовники,Зюзино,3.32,127
НАГ-009,Wildberries,Нагатино-Садовники,Зюзино,3.86,199
НАГ-010,Ozon,Нагатино-Садовники,Зюзино,4.25,117
НАГ-011,Wildberries,Нагатино-Садовники,Зюзино,2.43,164
НАГ-001,Wildberries,Нагатинский Затон,Зюзино,7.33,116
НАГ-002,Wildberries,Нагатинский Затон,Зюзино,7.86,122
НАГ-003,Wildberries,Нагатинский Затон,Зюзино,7.53,90
НАГ-004,Lamoda,Нагатинский Затон,Зюзино,7.67,63
НАГ-005,Wildberries,Нагатинский Затон,Зюзино,7.85,53
НАГ-006,Ozon,Нагатинский Затон,Зюзино,7.76,116
НАГ-007,Ozon,Нагатинский Затон,Зюзино,7.06,85
НАГ-008,Lamoda,Нагатинский Затон,Зюзино,6.53,61
НАГ-009,Wildberries,Нагатинский Затон,Зюзино,6.42,55
НАГ-010,Wildberries,Нагатинский Затон,Зюзино,7.6,93
НАГ-011,Wildberries,Нагатинский Затон,Зюзино,6.18,173
НАГ-012,Ozon,Нагатинский Затон,Зюзино,6.61,167
НАГ-013,Ozon,Нагатинский Затон,Зюзино,6.62,123
НАГ-014,Lamoda,Нагатинский Затон,Зюзино,6.92,159
НАГ-001,Ozon,Нагорный,Зюзино,3.57,112
НАГ-002,Lamoda,Нагорный,Зюзино,1.93,116
НАГ-003,Wildberries,Нагорный,Зюзино,2.33,114
НАГ-004,Ozon,Нагорный,Зюзино,1.81,203
НАГ-005,Ozon,Нагорный,Зюзино,2.25,91
НАГ-006,Wildberries,Нагорный,Зюзино,1.73,86
НАГ-007,Wildberries,Нагорный,Зюзино,2.47,95
НАГ-008,Ozon,Нагорный,Зюзино,0.85,124
НАГ-009,Ozon,Нагорный,Зюзино,1.87,97
ОРЕ-001,Wildberries,Орехово-Борисово Северное,Зюзино,6.89,136
ОРЕ-002,Ozon,Орехово-Борисово Северное,Зюзино,8.86,137
ОРЕ-003,Ozon,Орехово-Борисово Северное,Зюзино,8.58,112
ОРЕ-004,Ozon,Орехово-Борисово Северное,Зюзино,7.72,124
ОРЕ-005,Wildberries,Орехово-Борисово Северное,Зюзино,9.05,53
ОРЕ-006,Wildberries,Орехово-Борисово Северное,Зюзино,8.83,107
ОРЕ-007,Lamoda,Орехово-Борисово Северное,Зюзино,7.8,125
ОРЕ-008,Wildberries,Орехово-Борисово Северное,Зюзино,9.24,81
ОРЕ-009,Ozon,Орехово-Борисово Северное,Зюзино,7.48,113
ОРЕ-010,Wildberries,Орехово-Борисово Северное,Зюзино,10.74,116
ОРЕ-011,Lamoda,Орехово-Борисово Северное,Зюзино,7.55,80
ОРЕ-012,Wildberries,Орехово-Борисово Северное,Зюзино,8.08,125
ОРЕ-013,Ozon,Орехово-Борисово Северное,Зюзино,9.01,165
ОРЕ-014,Ozon,Орехово-Борисово Северное,Зюзино,7.56,107
ОРЕ-015,Lamoda,Орехово-Борисово Северное,Зюзино,9.37,75
ОРЕ-016,Wildberries,Орехово-Борисово Северное,Зюзино,10.11,103
ОРЕ-017,Wildberries,Орехово-Борисово Северное,Зюзино,7.78,111
ОРЕ-001,Wildberries,Орехово-Борисово Южное,Зюзино,11.34,90
ОРЕ-002,Ozon,Орехово-Борисово Южное,Зюзино,10.36,156
ОРЕ-003,Ozon,Орехово-Борисово Южное,Зюзино,10.87,133
ОРЕ-004,Ozon,Орехово-Борисово Южное,Зюзино,11.7,157
ОРЕ-005,Ozon,Орехово-Борисово Южное,Зюзино,10.04,146
ОРЕ-006,Ozon,Орехово-Борисово Южное,Зюзино,9.9,101
ОРЕ-007,Wildberries,Орехово-Борисово Южное,Зюзино,10.29,56
ОРЕ-008,Ozon,Орехово-Борисово Южное,Зюзино,10.21,153
ОРЕ-009,Wildberries,Орехово-Борисово Южное,Зюзино,10.37,105
ОРЕ-010,Ozon,Орехово-Борисово Южное,Зюзино,9.58,136
ОРЕ-011,Ozon,Орехово-Борисово Южное,Зюзино,8.84,137
ОРЕ-012,Ozon,Орехово-Борисово Южное,Зюзино,10.06,120
ОРЕ-013,Ozon,Орехово-Борисово Южное,Зюзино,10.47,171
ОРЕ-014,Wildberries,Орехово-Борисово Южное,Зюзино,10.61,158
ОРЕ-015,Wildberries,Орехово-Борисово Южное,Зюзино,11.07,110
ОРЕ-016,Ozon,Орехово-Борисово Южное,Зюзино,10.63,153
ОРЕ-017,Ozon,Орехово-Борисово Южное,Зюзино,10.59,123
ОРЕ-018,Wildberries,Орехово-Борисово Южное,Зюзино,12.06,71
ЦАР-001,Ozon,Царицыно,Зюзино,4.38,101
ЦАР-002,Ozon,Царицыно,Зюзино,4.03,147
ЦАР-003,Ozon,Царицыно,Зюзино,2.71,130
ЦАР-004,Lamoda,Царицыно,Зюзино,5.24,115
ЦАР-005,Lamoda,Царицыно,Зюзино,2.22,207
ЦАР-006,Ozon,Царицыно,Зюзино,4.38,85
ЦАР-007,Ozon,Царицыно,Зюзино,4.73,128
ЦАР-008,Lamoda,Царицыно,Зюзино,4.14,158
ЦАР-009,Ozon,Царицыно,Зюзино,3.36,83
ЦАР-010,Ozon,Царицыно,Зюзино,5.28,154
ЦАР-011,Ozon,Царицыно,Зюзино,4.55,128
ЦАР-012,Wildberries,Царицыно,Зюзино,3.46,124
ЦАР-013,Wildberries,Царицыно,Зюзино,4.42,142
ЦАР-014,Wildberries,Царицыно,Зюзино,3.07,75
ЦАР-015,Ozon,Царицыно,Зюзино,3.56,140
ЦАР-016,Wildberries,Царицыно,Зюзино,4.36,53
ЦАР-017,Ozon,Царицыно,Зюзино,6.06,101
ЦАР-018,Ozon,Царицыно,Зюзино,4.22,151
ЦАР-019,Wildberries,Царицыно,Зюзино,3.62,130
ЦАР-020,Wildberries,Царицыно,Зюзино,3.95,108
ЦАР-021,Ozon,Царицыно,Зюзино,3.94,96
ЧЕР-001,Ozon,Чертаново Северное,Зюзино,1.63,89
ЧЕР-002,Ozon,Чертаново Северное,Зюзино,3.82,155
ЧЕР-003,Wildberries,Чертаново Северное,Зюзино,3.48,159
ЧЕР-004,Wildberries,Чертаново Северное,Зюзино,4.56,103
ЧЕР-005,Wildberries,Чертаново Северное,Зюзино,3.37,132
ЧЕР-006,Ozon,Чертаново Северное,Зюзино,1.64,84
ЧЕР-007,Ozon,Чертаново Северное,Зюзино,3.91,75
ЧЕР-008,Wildberries,Чертаново Северное,Зюзино,3.91,148
ЧЕР-009,Wildberries,Чертаново Северное,Зюзино,4.74,93
ЧЕР-010,Lamoda,Чертаново Северное,Зюзино,1.6,93
ЧЕР-011,Ozon,Чертаново Северное,Зюзино,5.41,105
ЧЕР-012,Wildberries,Чертаново Северное,Зюзино,1.24,120
ЧЕР-013,Ozon,Чертаново Северное,Зюзино,3.12,176
ЧЕР-014,Ozon,Чертаново Северное,Зюзино,2.17,79
ЧЕР-001,Ozon,Чертаново Центральное,Зюзино,5.41,45
ЧЕР-002,Wildberries,Чертаново Центральное,Зюзино,4.02,126
ЧЕР-003,Lamoda,Чертаново Центральное,Зюзино,6.42,130
ЧЕР-004,Ozon,Чертаново Центральное,Зюзино,4.81,169
ЧЕР-005,Wildberries,Чертаново Центральное,Зюзино,2.01,155
ЧЕР-006,Wildberries,Чертаново Центральное,Зюзино,4.77,124
ЧЕР-007,Ozon,Чертаново Центральное,Зюзино,5.77,98
ЧЕР-008,Ozon,Чертаново Центральное,Зюзино,5.01,113
ЧЕР-009,Wildberries,Чертаново Центральное,Зюзино,6.49,127
ЧЕР-010,Ozon,Чертаново Центральное,Зюзино,4.58,142
ЧЕР-011,Ozon,Чертаново Центральное,Зюзино,5.17,103
ЧЕР-012,Ozon,Чертаново Центральное,Зюзино,6.61,148
ЧЕР-013,Ozon,Чертаново Центральное,Зюзино,3.12,188
ЧЕР-014,Lamoda,Чертаново Центральное,Зюзино,5.08,50
ЧЕР-015,Wildberries,Чертаново Центральное,Зюзино,5.13,202
ЧЕР-001,Wildberries,Чертаново Южное,Зюзино,7.6,100
ЧЕР-002,Wildberries,Чертаново Южное,Зюзино,6.31,48
ЧЕР-003,Lamoda,Чертаново Южное,Зюзино,5.72,93
ЧЕР-004,Ozon,Чертаново Южное,Зюзино,7.72,72
ЧЕР-005,Lamoda,Чертаново Южное,Зюзино,7.33,140
ЧЕР-006,Ozon,Чертаново Южное,Зюзино,7.3,137
ЧЕР-007,Ozon,Чертаново Южное,Зюзино,7.83,117
ЧЕР-008,Wildberries,Чертаново Южное,Зюзино,7.86,102
ЧЕР-009,Ozon,Чертаново Южное,Зюзино,8.22,138
ЧЕР-010,Ozon,Чертаново Южное,Зюзино,5.88,87
ЧЕР-011,Wildberries,Чертаново Южное,Зюзино,7.8,80
ЧЕР-012,Ozon,Чертаново Южное,Зюзино,8.33,108
ЧЕР-013,Wildberries,Чертаново Южное,Зюзино,7.73,125
ЧЕР-014,Wildberries,Чертаново Южное,Зюзино,7.7,135
ЧЕР-015,Lamoda,Чертаново Южное,Зюзино,8.87,127
ЧЕР-016,Wildberries,Чертаново Южное,Зюзино,6.78,89
ЧЕР-017,Ozon,Чертаново Южное,Зюзино,10.02,156
АКА-001,Ozon,Академический,Зюзино,2.0,101
АКА-002,Lamoda,Академический,Зюзино,4.67,88
АКА-003,Ozon,Академический,Зюзино,4.71,96
АКА-004,Ozon,Академический,Зюзино,2.46,80
АКА-005,Lamoda,Академический,Зюзино,2.66,140
АКА-006,Wildberries,Академический,Зюзино,2.72,156
АКА-007,Ozon,Академический,Зюзино,3.48,124
АКА-008,Wildberries,Академический,Зюзино,2.39,162
АКА-009,Wildberries,Академический,Зюзино,4.48,146
АКА-010,Ozon,Академический,Зюзино,3.47,76
АКА-011,Wildberries,Академический,Зюзино,3.67,139
АКА-012,Ozon,Академический,Зюзино,4.22,134
АКА-013,Lamoda,Академический,Зюзино,3.91,96
АКА-014,Ozon,Академический,Зюзино,2.8,80
ГАГ-001,Wildberries,Гагаринский,Зюзино,4.67,113
ГАГ-002,Wildberries,Гагаринский,Зюзино,3.73,128
ГАГ-003,Ozon,Гагаринский,Зюзино,4.67,116
ГАГ-004,Wildberries,Гагаринский,Зюзино,4.68,88
ГАГ-005,Ozon,Гагаринский,Зюзино,4.59,92
ГАГ-006,Ozon,Гагаринский,Зюзино,4.87,95
ГАГ-007,Ozon,Гагаринский,Зюзино,4.97,143
ГАГ-008,Ozon,Гагаринский,Зюзино,5.23,98
ГАГ-009,Ozon,Гагаринский,Зюзино,2.72,144
ГАГ-010,Wildberries,Гагаринский,Зюзино,4.28,58
ЗЮЗ-001,Wildberries,Зюзино,Зюзино,0.53,133
ЗЮЗ-002,Wildberries,Зюзино,Зюзино,2.07,139
ЗЮЗ-003,Ozon,Зюзино,Зюзино,1.97,94
ЗЮЗ-004,Wildberries,Зюзино,Зюзино,2.11,91
ЗЮЗ-005,Wildberries,Зюзино,Зюзино,1.58,157
ЗЮЗ-006,Wildberries,Зюзино,Зюзино,0.82,105
ЗЮЗ-007,Wildberries,Зюзино,Зюзино,1.57,158
ЗЮЗ-008,Ozon,Зюзино,Зюзино,0.58,131
ЗЮЗ-009,Ozon,Зюзино,Зюзино,0.73,117
ЗЮЗ-010,Ozon,Зюзино,Зюзино,1.57,136
ЗЮЗ-011,Wildberries,Зюзино,Зюзино,2.33,155
ЗЮЗ-012,Lamoda,Зюзино,Зюзино,1.26,55
ЗЮЗ-013,Ozon,Зюзино,Зюзино,1.05,117
ЗЮЗ-014,Lamoda,Зюзино,Зюзино,1.79,69
ЗЮЗ-015,Ozon,Зюзино,Зюзино,2.17,150
ЗЮЗ-016,Lamoda,Зюзино,Зюзино,1.1,145
КОН-001,Wildberries,Коньково,Зюзино,4.71,129
КОН-002,Ozon,Коньково,Зюзино,3.97,90
КОН-003,Wildberries,Коньково,Зюзино,3.96,160
КОН-004,Wildberries,Коньково,Зюзино,4.94,107
КОН-005,Ozon,Коньково,Зюзино,3.86,89
КОН-006,Wildberries,Коньково,Зюзино,5.15,131
КОН-007,Ozon,Коньково,Зюзино,4.48,23
КОН-008,Wildberries,Коньково,Зюзино,5.16,157
КОН-009,Wildberries,Коньково,Зюзино,4.78,52
КОН-010,Ozon,Коньково,Зюзино,5.67,93
КОН-011,Wildberries,Коньково,Зюзино,3.52,100
КОН-012,Ozon,Коньково,Зюзино,4.3,72
КОН-013,Ozon,Коньково,Зюзино,5.36,112
КОН-014,Ozon,Коньково,Зюзино,4.38,99
КОН-015,Lamoda,Коньково,Зюзино,4.27,104
КОН-016,Ozon,Коньково,Зюзино,2.71,152
КОН-017,Ozon,Коньково,Зюзино,4.36,136
КОТ-001,Ozon,Котловка,Зюзино,0.86,102
КОТ-002,Ozon,Котловка,Зюзино,2.05,158
КОТ-003,Lamoda,Котловка,Зюзино,1.98,159
КОТ-004,Ozon,Котловка,Зюзино,0.23,125
КОТ-005,Ozon,Котловка,Зюзино,3.48,140
КОТ-006,Lamoda,Котловка,Зюзино,1.33,120
КОТ-007,Wildberries,Котловка,Зюзино,0.36,121
ЛОМ-001,Ozon,Ломоносовский,Зюзино,5.02,63
ЛОМ-002,Wildberries,Ломоносовский,Зюзино,3.81,147
ЛОМ-003,Ozon,Ломоносовский,Зюзино,3.66,126
ЛОМ-004,Wildberries,Ломоносовский,Зюзино,3.43,134
ЛОМ-005,Wildberries,Ломоносовский,Зюзино,3.76,25
ЛОМ-006,Ozon,Ломоносовский,Зюзино,5.37,84
ЛОМ-007,Ozon,Ломоносовский,Зюзино,5.46,127
ЛОМ-008,Ozon,Ломоносовский,Зюзино,5.15,121
ЛОМ-009,Ozon,Ломоносовский,Зюзино,4.15,111
ЛОМ-010,Wildberries,Ломоносовский,Зюзино,3.78,119
ОБР-001,Ozon,Обручевский,Зюзино,4.78,86
ОБР-002,Lamoda,Обручевский,Зюзино,4.24,185
ОБР-003,Wildberries,Обручевский,Зюзино,4.14,119
ОБР-004,Wildberries,Обручевский,Зюзино,5.2,82
ОБР-005,Lamoda,Обручевский,Зюзино,5.32,140
ОБР-006,Ozon,Обручевский,Зюзино,4.76,54
ОБР-007,Lamoda,Обручевский,Зюзино,3.9,95
ОБР-008,Wildberries,Обручевский,Зюзино,5.7,144
ОБР-009,Wildberries,Обручевский,Зюзино,3.21,137
ОБР-010,Wildberries,Обручевский,Зюзино,4.86,43
СЕВ-001,Ozon,Северное Бутово,Зюзино,9.9,122
СЕВ-002,Ozon,Северное Бутово,Зюзино,7.96,162
СЕВ-003,Ozon,Северное Бутово,Зюзино,9.17,85
СЕВ-004,Wildberries,Северное Бутово,Зюзино,8.64,138
СЕВ-005,Lamoda,Северное Бутово,Зюзино,8.62,169
СЕВ-006,Lamoda,Северное Бутово,Зюзино,9.37,138
СЕВ-007,Wildberries,Северное Бутово,Зюзино,9.13,187
СЕВ-008,Ozon,Северное Бутово,Зюзино,9.13,106
СЕВ-009,Ozon,Северное Бутово,Зюзино,9.71,154
СЕВ-010,Ozon,Северное Бутово,Зюзино,9.63,144
ТЁП-001,Wildberries,Тёплый Стан,Зюзино,5.76,90
ТЁП-002,Ozon,Тёплый Стан,Зюзино,7.77,147
ТЁП-003,Lamoda,Тёплый Стан,Зюзино,8.78,71
ТЁП-004,Wildberries,Тёплый Стан,Зюзино,5.66,53
ТЁП-005,Lamoda,Тёплый Стан,Зюзино,7.92,109
ТЁП-006,Ozon,Тёплый Стан,Зюзино,7.84,141
ТЁП-007,Wildberries,Тёплый Стан,Зюзино,6.41,120
ТЁП-008,Lamoda,Тёплый Стан,Зюзино,6.06,165
ТЁП-009,Lamoda,Тёплый Стан,Зюзино,6.2,129
ТЁП-010,Wildberries,Тёплый Стан,Зюзино,8.06,86
ТЁП-011,Ozon,Тёплый Стан,Зюзино,5.96,118
ТЁП-012,Wildberries,Тёплый Стан,Зюзино,6.91,140
ТЁП-013,Ozon,Тёплый Стан,Зюзино,6.23,78
ТЁП-014,Ozon,Тёплый Стан,Зюзино,6.81,135
ТЁП-015,Wildberries,Тёплый Стан,Зюзино,7.34,71
ТЁП-016,Ozon,Тёплый Стан,Зюзино,6.48,109
ЧЕР-001,Ozon,Черёмушки,Зюзино,1.62,94
ЧЕР-002,Ozon,Черёмушки,Зюзино,2.78,87
ЧЕР-003,Ozon,Черёмушки,Зюзино,3.04,66
ЧЕР-004,Lamoda,Черёмушки,Зюзино,3.73,165
ЧЕР-005,Ozon,Черёмушки,Зюзино,3.12,152
ЧЕР-006,Ozon,Черёмушки,Зюзино,3.2,126
ЧЕР-007,Wildberries,Черёмушки,Зюзино,1.58,110
ЧЕР-008,Ozon,Черёмушки,Зюзино,3.5,93
ЧЕР-009,Ozon,Черёмушки,Зюзино,2.36,156
ЧЕР-010,Ozon,Черёмушки,Зюзино,3.02,112
ЧЕР-011,Ozon,Черёмушки,Зюзино,2.93,145
ЧЕР-012,Wildberries,Черёмушки,Зюзино,1.62,168
ЧЕР-013,Lamoda,Черёмушки,Зюзино,3.25,137
ЧЕР-014,Ozon,Черёмушки,Зюзино,2.42,132
ЧЕР-015,Ozon,Черёмушки,Зюзино,2.27,53
ЮЖН-001,Lamoda,Южное Бутово,Зюзино,15.08,73
ЮЖН-002,Ozon,Южное Бутово,Зюзино,12.86,117
ЮЖН-003,Wildberries,Южное Бутово,Зюзино,13.23,127
ЮЖН-004,Ozon,Южное Бутово,Зюзино,16.15,167
ЮЖН-005,Wildberries,Южное Бутово,Зюзино,14.98,207
ЮЖН-006,Ozon,Южное Бутово,Зюзино,16.63,168
ЮЖН-007,Ozon,Южное Бутово,Зюзино,12.9,171
ЮЖН-008,Ozon,Южное Бутово,Зюзино,14.91,171
ЮЖН-009,Wildberries,Южное Бутово,Зюзино,15.34,93
ЮЖН-010,Ozon,Южное Бутово,Зюзино,16.52,150
ЮЖН-011,Wildberries,Южное Бутово,Зюзино,16.26,110
ЮЖН-012,Wildberries,Южное Бутово,Зюзино,16.46,156
ЮЖН-013,Wildberries,Южное Бутово,Зюзино,12.91,87
ЮЖН-014,Wildberries,Южное Бутово,Зюзино,14.47,161
ЮЖН-015,Wildberries,Южное Бутово,Зюзино,15.65,74
ЮЖН-016,Ozon,Южное Бутово,Зюзино,13.71,72
ЮЖН-017,Ozon,Южное Бутово,Зюзино,13.39,97
ЮЖН-018,Lamoda,Южное Бутово,Зюзино,17.04,106
ЮЖН-019,Lamoda,Южное Бутово,Зюзино,15.06,128
ЮЖН-020,Ozon,Южное Бутово,Зюзино,14.39,132
ЮЖН-021,Wildberries,Южное Бутово,Зюзино,13.33,120
ЮЖН-022,Lamoda,Южное Бутово,Зюзино,15.05,131
ЮЖН-023,Wildberries,Южное Бутово,Зюзино,17.45,81
ЮЖН-024,Ozon,Южное Бутово,Зюзино,15.16,138
ЯСЕ-001,Lamoda,Ясенево,Зюзино,6.45,83
ЯСЕ-002,Ozon,Ясенево,Зюзино,5.98,97
ЯСЕ-003,Wildberries,Ясенево,Зюзино,5.19,83
ЯСЕ-004,Wildberries,Ясенево,Зюзино,6.54,211
ЯСЕ-005,Wildberries,Ясенево,Зюзино,4.4,52
ЯСЕ-006,Ozon,Ясенево,Зюзино,4.17,95
ЯСЕ-007,Wildberries,Ясенево,Зюзино,6.87,118
ЯСЕ-008,Ozon,Ясенево,Зюзино,6.33,138
ЯСЕ-009,Ozon,Ясенево,Зюзино,5.2,115
ЯСЕ-010,Wildberries,Ясенево,Зюзино,4.39,114
ЯСЕ-011,Ozon,Ясенево,Зюзино,6.41,146
ЯСЕ-012,Ozon,Ясенево,Зюзино,4.55,121
ЯСЕ-013,Lamoda,Ясенево,Зюзино,3.76,116
ЯСЕ-014,Wildberries,Ясенево,Зюзино,4.69,129
ЯСЕ-015,Ozon,Ясенево,Зюзино,5.87,219
ЯСЕ-016,Wildberries,Ясенево,Зюзино,5.27,102
ЯСЕ-017,Wildberries,Ясенево,Зюзино,6.14,64
ЯСЕ-018,Lamoda,Ясенево,Зюзино,7.12,217
ЯСЕ-019,Ozon,Ясенево,Зюзино,7.02,94
ЯСЕ-020,Wildberries,Ясенево,Зюзино,5.74,113
ЯСЕ-021,Wildberries,Ясенево,Зюзино,5.63,113
ВНУ-001,Wildberries,Внуково,Зюзино,21.59,104
ВНУ-002,Ozon,Внуково,Зюзино,19.87,117
ДОР-001,Ozon,Дорогомилово,Зюзино,10.12,146
ДОР-002,Ozon,Дорогомилово,Зюзино,8.02,139
ДОР-003,Ozon,Дорогомилово,Зюзино,8.96,136
ДОР-004,Ozon,Дорогомилово,Зюзино,7.39,55
ДОР-005,Ozon,Дорогомилово,Останкинский,9.68,77
ДОР-006,Ozon,Дорогомилово,Зюзино,9.42,102
ДОР-007,Ozon,Дорогомилово,Покровское-Стрешнево,9.09,145
ДОР-008,Wildberries,Дорогомилово,Зюзино,10.13,83
ДОР-009,Lamoda,Дорогомилово,Зюзино,9.83,93
КРЫ-001,Wildberries,Крылатское,Покровское-Стрешнево,6.52,28
КРЫ-002,Ozon,Крылатское,Покровское-Стрешнево,6.93,134
КРЫ-003,Ozon,Крылатское,Покровское-Стрешнево,7.62,111
КРЫ-004,Ozon,Крылатское,Покровское-Стрешнево,7.82,117
КРЫ-005,Wildberries,Крылатское,Покровское-Стрешнево,5.25,153
КРЫ-006,Lamoda,Крылатское,Покровское-Стрешнево,7.23,108
КРЫ-007,Wildberries,Крылатское,Покровское-Стрешнево,5.97,128
КРЫ-008,Ozon,Крылатское,Покровское-Стрешнево,8.08,113
КРЫ-009,Ozon,Крылатское,Покровское-Стрешнево,5.23,140
КРЫ-010,Ozon,Крылатское,Покровское-Стрешнево,7.55,71
КУН-001,Ozon,Кунцево,Покровское-Стрешнево,21.88,38
КУН-002,Wildberries,Кунцево,Покровское-Стрешнево,21.0,91
КУН-003,Ozon,Кунцево,Покровское-Стрешнево,24.11,107
КУН-004,Lamoda,Кунцево,Покровское-Стрешнево,24.63,120
КУН-005,Ozon,Кунцево,Покровское-Стрешнево,23.43,144
КУН-006,Wildberries,Кунцево,Покровское-Стрешнево,23.26,81
КУН-007,Lamoda,Кунцево,Покровское-Стрешнево,21.79,139
КУН-008,Ozon,Кунцево,Покровское-Стрешнево,23.68,77
КУН-009,Ozon,Кунцево,Покровское-Стрешнево,23.37,131
КУН-010,Lamoda,Кунцево,Покровское-Стрешнево,22.97,169
КУН-011,Ozon,Кунцево,Покровское-Стрешнево,22.73,121
КУН-012,Wildberries,Кунцево,Покровское-Стрешнево,23.18,94
КУН-013,Wildberries,Кунцево,Покровское-Стрешнево,25.16,83
КУН-014,Ozon,Кунцево,Покровское-Стрешнево,24.61,182
КУН-015,Lamoda,Кунцево,Покровское-Стрешнево,22.17,143
КУН-016,Ozon,Кунцево,Покровское-Стрешнево,24.02,205
КУН-017,Ozon,Кунцево,Покровское-Стрешнево,24.07,67
МОЖ-001,Lamoda,Можайский,Покровское-Стрешнево,11.36,73
МОЖ-002,Wildberries,Можайский,Зюзино,14.28,97
МОЖ-003,Ozon,Можайский,Покровское-Стрешнево,13.7,108
МОЖ-004,Wildberries,Можайский,Покровское-Стрешнево,13.42,151
МОЖ-005,Ozon,Можайский,Зюзино,14.66,93
МОЖ-006,Ozon,Можайский,Покровское-Стрешнево,13.23,158
МОЖ-007,Wildberries,Можайский,Зюзино,13.44,136
МОЖ-008,Wildberries,Можайский,Покровское-Стрешнево,12.37,109
МОЖ-009,Ozon,Можайский,Зюзино,13.78,163
МОЖ-010,Ozon,Можайский,Покровское-Стрешнево,13.18,118
МОЖ-011,Ozon,Можайский,Зюзино,12.15,117
МОЖ-012,Ozon,Можайский,Покровское-Стрешнево,14.75,93
МОЖ-013,Wildberries,Можайский,Зюзино,14.49,165
МОЖ-014,Wildberries,Можайский,Покровское-Стрешнево,13.72,111
МОЖ-015,Wildberries,Можайский,Зюзино,14.51,98
МОЖ-016,Wildberries,Можайский,Зюзино,13.41,128
НОВ-001,Lamoda,Ново-Переделкино,Зюзино,14.65,111
НОВ-002,Ozon,Ново-Переделкино,Зюзино,14.63,111
НОВ-003,Wildberries,Ново-Переделкино,Зюзино,15.71,98
НОВ-004,Ozon,Ново-Переделкино,Зюзино,13.98,88
НОВ-005,Wildberries,Ново-Переделкино,Зюзино,15.27,95
НОВ-006,Ozon,Ново-Переделкино,Зюзино,14.22,111
НОВ-007,Wildberries,Ново-Переделкино,Зюзино,14.9,151
НОВ-008,Wildberries,Ново-Переделкино,Зюзино,13.96,109
НОВ-009,Ozon,Ново-Переделкино,Зюзино,15.51,160
НОВ-010,Lamoda,Ново-Переделкино,Зюзино,14.37,180
НОВ-011,Lamoda,Ново-Переделкино,Зюзино,13.78,153
НОВ-012,Wildberries,Ново-Переделкино,Зюзино,14.75,132
НОВ-013,Wildberries,Ново-Переделкино,Зюзино,15.82,86
НОВ-014,Lamoda,Ново-Переделкино,Зюзино,15.0,126
ОЧА-001,Lamoda,Очаково-Матвеевское,Зюзино,9.54,140
ОЧА-002,Wildberries,Очаково-Матвеевское,Зюзино,9.01,119
ОЧА-003,Ozon,Очаково-Матвеевское,Зюзино,10.05,114
ОЧА-004,Wildberries,Очаково-Матвеевское,Зюзино,10.03,114
ОЧА-005,Ozon,Очаково-Матвеевское,Зюзино,9.97,122
ОЧА-006,Wildberries,Очаково-Матвеевское,Зюзино,9.91,101
ОЧА-007,Ozon,Очаково-Матвеевское,Зюзино,9.98,144
ОЧА-008,Wildberries,Очаково-Матвеевское,Зюзино,10.01,157
ОЧА-009,Wildberries,Очаково-Матвеевское,Зюзино,9.69,134
ОЧА-010,Lamoda,Очаково-Матвеевское,Зюзино,10.24,42
ОЧА-011,Ozon,Очаково-Матвеевское,Зюзино,10.23,169
ОЧА-012,Lamoda,Очаково-Матвеевское,Зюзино,11.48,103
ОЧА-013,Wildberries,Очаково-Матвеевское,Зюзино,9.17,150
ОЧА-014,Wildberries,Очаково-Матвеевское,Зюзино,9.32,119
ОЧА-015,Wildberries,Очаково-Матвеевское,Зюзино,9.54,146
ПРО-001,Ozon,Проспект Вернадского,Зюзино,7.18,139
ПРО-002,Wildberries,Проспект Вернадского,Зюзино,6.33,135
ПРО-003,Wildberries,Проспект Вернадского,Зюзино,6.77,92
ПРО-004,Ozon,Проспект Вернадского,Зюзино,5.88,35
ПРО-005,Wildberries,Проспект Вернадского,Зюзино,7.48,139
ПРО-006,Ozon,Проспект Вернадского,Зюзино,5.94,91
ПРО-007,Ozon,Проспект Вернадского,Зюзино,6.64,95
РАМ-001,Ozon,Раменки,Зюзино,6.11,85
РАМ-002,Wildberries,Раменки,Зюзино,7.74,155
РАМ-003,Ozon,Раменки,Зюзино,7.5,155
РАМ-004,Ozon,Раменки,Зюзино,7.38,83
РАМ-005,Ozon,Раменки,Зюзино,8.18,84
РАМ-006,Ozon,Раменки,Зюзино,5.04,129
РАМ-007,Wildberries,Раменки,Зюзино,9.32,123
РАМ-008,Wildberries,Раменки,Зюзино,8.06,106
РАМ-009,Ozon,Раменки,Зюзино,7.86,96
РАМ-010,Ozon,Раменки,Зюзино,6.6,156
РАМ-011,Ozon,Раменки,Зюзино,7.1,138
РАМ-012,Lamoda,Раменки,Зюзино,6.69,80
РАМ-013,Wildberries,Раменки,Зюзино,6.67,157
РАМ-014,Wildberries,Раменки,Зюзино,7.57,82
РАМ-015,Ozon,Раменки,Зюзино,7.2,46
РАМ-016,Ozon,Раменки,Зюзино,8.07,70
РАМ-017,Wildberries,Раменки,Зюзино,6.8,133
РАМ-018,Lamoda,Раменки,Зюзино,5.2,155
СОЛ-001,Ozon,Солнцево,Зюзино,11.66,90
СОЛ-002,Ozon,Солнцево,Зюзино,14.3,131
СОЛ-003,Wildberries,Солнцево,Зюзино,12.59,194
СОЛ-004,Ozon,Солнцево,Зюзино,12.39,151
СОЛ-005,Ozon,Солнцево,Зюзино,12.39,130
СОЛ-006,Wildberries,Солнцево,Зюзино,12.46,168
СОЛ-007,Lamoda,Солнцево,Зюзино,10.99,106
СОЛ-008,Wildberries,Солнцево,Зюзино,9.82,78
СОЛ-009,Ozon,Солнцево,Зюзино,11.99,188
СОЛ-010,Wildberries,Солнцево,Зюзино,11.37,144
СОЛ-011,Ozon,Солнцево,Зюзино,11.31,140
СОЛ-012,Ozon,Солнцево,Зюзино,12.37,142
СОЛ-013,Ozon,Солнцево,Зюзино,13.32,93
ТРО-001,Wildberries,Тропарёво-Никулино,Зюзино,7.61,137
ТРО-002,Ozon,Тропарёво-Никулино,Зюзино,8.43,104
ТРО-003,Lamoda,Тропарёво-Никулино,Зюзино,8.45,154
ТРО-004,Wildberries,Тропарёво-Никулино,Зюзино,7.01,107
ТРО-005,Wildberries,Тропарёво-Никулино,Зюзино,8.42,150
ТРО-006,Wildberries,Тропарёво-Никулино,Зюзино,8.33,131
ТРО-007,Ozon,Тропарёво-Никулино,Зюзино,8.7,82
ТРО-008,Ozon,Тропарёво-Никулино,Зюзино,8.16,106
ТРО-009,Ozon,Тропарёво-Никулино,Зюзино,8.03,86
ТРО-010,Wildberries,Тропарёво-Никулино,Зюзино,7.53,103
ТРО-011,Ozon,Тропарёво-Никулино,Зюзино,8.85,96
ТРО-012,Wildberries,Тропарёво-Никулино,Зюзино,8.19,64
ТРО-013,Ozon,Тропарёво-Никулино,Зюзино,8.1,135
ФИЛ-001,Wildberries,Филёвский Парок,Покровское-Стрешнево,6.31,104
ФИЛ-002,Wildberries,Филёвский Парок,Покровское-Стрешнево,9.15,120
ФИЛ-003,Lamoda,Филёвский Парок,Покровское-Стрешнево,8.82,131
ФИЛ-004,Wildberries,Филёвский Парок,Покровское-Стрешнево,8.01,121
ФИЛ-005,Ozon,Филёвский Парок,Покровское-Стрешнево,8.42,141
ФИЛ-006,Ozon,Филёвский Парок,Зюзино,10.31,94
ФИЛ-007,Ozon,Филёвский Парок,Покровское-Стрешнево,10.3,87
ФИЛ-008,Ozon,Филёвский Парок,Покровское-Стрешнево,7.29,139
ФИЛ-009,Ozon,Филёвский Парок,Покровское-Стрешнево,5.79,173
ФИЛ-010,Ozon,Филёвский Парок,Покровское-Стрешнево,7.45,125
ФИЛ-001,Ozon,Фили-Давыдково,Зюзино,10.26,48
ФИЛ-002,Wildberries,Фили-Давыдково,Зюзино,10.3,100
ФИЛ-003,Ozon,Фили-Давыдково,Зюзино,10.76,134
ФИЛ-004,Wildberries,Фили-Давыдково,Зюзино,10.59,123
ФИЛ-005,Wildberries,Фили-Давыдково,Зюзино,9.71,149
ФИЛ-006,Ozon,Фили-Давыдково,Зюзино,8.62,132
ФИЛ-007,Ozon,Фили-Давыдково,Зюзино,10.13,43
ФИЛ-008,Ozon,Фили-Давыдково,Зюзино,10.6,115
ФИЛ-009,Ozon,Фили-Давыдково,Зюзино,9.23,80
ФИЛ-010,Ozon,Фили-Давыдково,Покровское-Стрешнево,10.81,67
ФИЛ-011,Wildberries,Фили-Давыдково,Зюзино,10.48,188
ФИЛ-012,Ozon,Фили-Давыдково,Зюзино,10.91,145
ФИЛ-013,Wildberries,Фили-Давыдково,Зюзино,9.5,62
ФИЛ-014,Ozon,Фили-Давыдково,Зюзино,9.58,82
АЭР-001,Lamoda,Аэропорт,Останкинский,5.43,103
АЭР-002,Wildberries,Аэропорт,Останкинский,6.97,103
АЭР-003,Ozon,Аэропорт,Останкинский,4.59,164
АЭР-004,Wildberries,Аэропорт,Останкинский,5.5,60
АЭР-005,Ozon,Аэропорт,Останкинский,5.42,93
АЭР-006,Wildberries,Аэропорт,Останкинский,5.99,130
АЭР-007,Wildberries,Аэропорт,Останкинский,3.88,146
АЭР-008,Wildberries,Аэропорт,Покровское-Стрешнево,6.68,145
АЭР-009,Wildberries,Аэропорт,Останкинский,7.17,67
БЕГ-001,Wildberries,Беговой,Останкинский,8.66,133
БЕГ-002,Ozon,Беговой,Останкинский,5.96,148
БЕГ-003,Wildberries,Беговой,Останкинский,7.84,44
БЕГ-004,Ozon,Беговой,Останкинский,7.98,82
БЕГ-005,Wildberries,Беговой,Останкинский,6.33,120
БЕС-001,Wildberries,Бескудниковский,Останкинский,3.96,140
БЕС-002,Lamoda,Бескудниковский,Останкинский,4.87,99
БЕС-003,Ozon,Бескудниковский,Останкинский,5.6,158
БЕС-004,Wildberries,Бескудниковский,Останкинский,5.93,119
БЕС-005,Ozon,Бескудниковский,Останкинский,8.09,130
БЕС-006,Wildberries,Бескудниковский,Останкинский,6.7,96
БЕС-007,Wildberries,Бескудниковский,Останкинский,5.74,146
БЕС-008,Wildberries,Бескудниковский,Останкинский,5.44,135
БЕС-009,Wildberries,Бескудниковский,Останкинский,5.63,179
ВОЙ-001,Wildberries,Войковский,Покровское-Стрешнево,3.09,181
ВОЙ-002,Ozon,Войковский,Покровское-Стрешнево,2.62,131
ВОЙ-003,Wildberries,Войковский,Покровское-Стрешнево,1.67,128
ВОЙ-004,Wildberries,Войковский,Покровское-Стрешнево,4.42,74
ВОЙ-005,Ozon,Войковский,Покровское-Стрешнево,4.49,146
ВОЙ-006,Wildberries,Войковский,Покровское-Стрешнево,3.82,110
ВОЙ-007,Ozon,Войковский,Покровское-Стрешнево,3.28,123
ВОЙ-008,Ozon,Войковский,Покровское-Стрешнево,3.36,109
ВОЙ-009,Ozon,Войковский,Покровское-Стрешнево,3.67,115
ВОС-001,Ozon,Восточное Дегунино,Останкинский,4.52,126
ВОС-002,Ozon,Восточное Дегунино,Останкинский,6.77,130
ВОС-003,Ozon,Восточное Дегунино,Останкинский,4.14,132
ВОС-004,Ozon,Восточное Дегунино,Останкинский,6.34,144
ВОС-005,Ozon,Восточное Дегунино,Останкинский,6.7,86
ВОС-006,Wildberries,Восточное Дегунино,Останкинский,6.96,163
ВОС-007,Lamoda,Восточное Дегунино,Останкинский,4.17,96
ВОС-008,Wildberries,Восточное Дегунино,Останкинский,5.2,176
ВОС-009,Wildberries,Восточное Дегунино,Останкинский,5.66,76
ГОЛ-001,Lamoda,Головинский,Покровское-Стрешнево,4.57,94
ГОЛ-002,Ozon,Головинский,Покровское-Стрешнево,4.53,124
ГОЛ-003,Ozon,Головинский,Покровское-Стрешнево,4.92,135
ГОЛ-004,Wildberries,Головинский,Покровское-Стрешнево,6.11,135
ГОЛ-005,Lamoda,Головинский,Покровское-Стрешнево,4.21,34
ГОЛ-006,Wildberries,Головинский,Покровское-Стрешнево,4.88,148
ГОЛ-007,Ozon,Головинский,Покровское-Стрешнево,5.45,136
ГОЛ-008,Lamoda,Головинский,Покровское-Стрешнево,5.15,103
ГОЛ-009,Ozon,Головинский,Покровское-Стрешнево,5.97,109
ГОЛ-010,Ozon,Головинский,Покровское-Стрешнево,5.13,150
ГОЛ-011,Lamoda,Головинский,Покровское-Стрешнево,5.36,186
ДМИ-001,Wildberries,Дмитровский,Останкинский,7.49,115
ДМИ-002,Ozon,Дмитровский,Останкинский,6.13,80
ДМИ-003,Wildberries,Дмитровский,Останкинский,6.99,105
ДМИ-004,Ozon,Дмитровский,Останкинский,6.45,21
ДМИ-005,Lamoda,Дмитровский,Останкинский,10.55,81
ДМИ-006,Ozon,Дмитровский,Останкинский,7.47,184
ДМИ-007,Wildberries,Дмитровский,Останкинский,6.89,95
ДМИ-008,Ozon,Дмитровский,Покровское-Стрешнево,5.88,88
ДМИ-009,Ozon,Дмитровский,Покровское-Стрешнево,8.3,20
ДМИ-010,Lamoda,Дмитровский,Покровское-Стрешнево,7.67,173
ЗАП-001,Ozon,Западное Дегунино,Покровское-Стрешнево,8.06,118
ЗАП-002,Lamoda,Западное Дегунино,Покровское-Стрешнево,6.71,125
ЗАП-003,Wildberries,Западное Дегунино,Останкинский,6.2,134
ЗАП-004,Wildberries,Западное Дегунино,Покровское-Стрешнево,7.23,89
ЗАП-005,Ozon,Западное Дегунино,Покровское-Стрешнево,6.03,63
ЗАП-006,Ozon,Западное Дегунино,Покровское-Стрешнево,7.44,208
ЗАП-007,Lamoda,Западное Дегунино,Останкинский,8.27,184
ЗАП-008,Ozon,Западное Дегунино,Покровское-Стрешнево,4.62,139
ЗАП-009,Ozon,Западное Дегунино,Останкинский,7.0,133
ЗАП-010,Ozon,Западное Дегунино,Покровское-Стрешнево,5.62,176
ЗАП-011,Wildberries,Западное Дегунино,Покровское-Стрешнево,6.18,97
КОП-001,Wildberries,Коптево,Покровское-Стрешнево,4.92,99
КОП-002,Ozon,Коптево,Покровское-Стрешнево,5.03,93
КОП-003,Wildberries,Коптево,Останкинский,5.14,116
КОП-004,Ozon,Коптево,Останкинский,5.13,102
КОП-005,Wildberries,Коптево,Останкинский,5.14,140
КОП-006,Ozon,Коптево,Покровское-Стрешнево,4.17,139
КОП-007,Wildberries,Коптево,Останкинский,5.06,89
КОП-008,Wildberries,Коптево,Останкинский,5.22,107
КОП-009,Ozon,Коптево,Покровское-Стрешнево,2.77,88
КОП-010,Lamoda,Коптево,Покровское-Стрешнево,4.96,159
КОП-011,Ozon,Коптево,Покровское-Стрешнево,5.13,108
ЛЕВ-001,Ozon,Левобережный,Покровское-Стрешнево,5.11,41
ЛЕВ-002,Wildberries,Левобережный,Покровское-Стрешнево,4.67,151
ЛЕВ-003,Wildberries,Левобережный,Покровское-Стрешнево,4.67,116
ЛЕВ-004,Wildberries,Левобережный,Покровское-Стрешнево,4.64,128
ЛЕВ-005,Wildberries,Левобережный,Покровское-Стрешнево,3.02,58
ЛЕВ-006,Ozon,Левобережный,Покровское-Стрешнево,5.2,69
ЛЕВ-007,Wildberries,Левобережный,Покровское-Стрешнево,4.03,149
МОЛ-001,Wildberries,Молжаниновский,Покровское-Стрешнево,13.59,130
МОЛ-002,Wildberries,Молжаниновский,Покровское-Стрешнево,15.3,85
САВ-001,Wildberries,Савёловский,Останкинский,6.29,127
САВ-002,Lamoda,Савёловский,Останкинский,3.0,142
САВ-003,Ozon,Савёловский,Останкинский,4.31,74
САВ-004,Wildberries,Савёловский,Останкинский,4.84,162
САВ-005,Ozon,Савёловский,Останкинский,4.36,65
САВ-006,Wildberries,Савёловский,Останкинский,4.26,140
СОК-001,Ozon,Сокол,Покровское-Стрешнево,4.16,159
СОК-002,Ozon,Сокол,Покровское-Стрешнево,5.02,104
СОК-003,Ozon,Сокол,Покровское-Стрешнево,5.02,119
СОК-004,Wildberries,Сокол,Покровское-Стрешнево,4.34,189
СОК-005,Wildberries,Сокол,Покровское-Стрешнево,5.12,122
СОК-006,Wildberries,Сокол,Покровское-Стрешнево,4.68,126
СОК-007,Ozon,Сокол,Покровское-Стрешнево,3.79,140
ТИМ-001,Lamoda,Тимирязевский,Останкинский,4.39,171
ТИМ-002,Wildberries,Тимирязевский,Останкинский,4.15,104
ТИМ-003,Wildberries,Тимирязевский,Останкинский,5.16,73
ТИМ-004,Ozon,Тимирязевский,Останкинский,4.81,63
ТИМ-005,Lamoda,Тимирязевский,Останкинский,5.62,162
ТИМ-006,Ozon,Тимирязевский,Останкинский,4.44,66
ТИМ-007,Ozon,Тимирязевский,Останкинский,3.12,151
ТИМ-008,Ozon,Тимирязевский,Останкинский,4.04,108
ТИМ-009,Ozon,Тимирязевский,Останкинский,5.34,111
ХОВ-001,Ozon,Ховрино,Покровское-Стрешнево,4.14,112
ХОВ-002,Ozon,Ховрино,Покровское-Стрешнево,6.02,137
ХОВ-003,Ozon,Ховрино,Покровское-Стрешнево,4.87,108
ХОВ-004,Ozon,Ховрино,Покровское-Стрешнево,4.8,126
ХОВ-005,Ozon,Ховрино,Покровское-Стрешнево,3.31,104
ХОВ-006,Wildberries,Ховрино,Покровское-Стрешнево,5.94,81
ХОВ-007,Wildberries,Ховрино,Покровское-Стрешнево,5.18,110
ХОВ-008,Ozon,Ховрино,Покровское-Стрешнево,4.78,175
ХОВ-009,Ozon,Ховрино,Покровское-Стрешнево,6.66,68
ХОР-001,Wildberries,Хорошёвский,Покровское-Стрешнево,7.8,116
ХОР-002,Wildberries,Хорошёвский,Останкинский,6.2,104
ХОР-003,Wildberries,Хорошёвский,Покровское-Стрешнево,7.42,126
ХОР-004,Wildberries,Хорошёвский,Останкинский,5.96,86
ХОР-005,Ozon,Хорошёвский,Покровское-Стрешнево,7.12,137
ХОР-006,Wildberries,Хорошёвский,Останкинский,8.32,123
ХОР-007,Ozon,Хорошёвский,Останкинский,7.52,154
ХОР-008,Ozon,Хорошёвский,Останкинский,6.67,73
ХОР-009,Lamoda,Хорошёвский,Останкинский,5.87,131
